,Stage,Pressure [Pa],Enthalpy [kJ/kg],Entropy [kJ/kg-K]
0,01,1.01325,288.299988,6.657020096789114
1,02i,9.3219,543.819214,6.657020096789114
2,02,9.3219,572.2102391111112,6.708483384307881
3,03,9.042243,1808.9231293252906,8.048819305907022
4,04i,4.50564201086995,1515.592236011236,8.048819305907022
5,04,4.50564201086995,1533.1920896100794,8.061715895030877
6,045i,1.165606670527391,1076.9390237889666,8.061715895030877
7,045,1.165606670527391,1104.314207738233,8.089047750544943
8,5i,1.01325,1078.9367981397938,8.089047750544943
