,Stage,Pressure [Pa],Enthalpy [kJ/kg],Entropy [kJ/kg-K]
0,01,1.01325,288.299988,6.657020096789114
1,02i,9.3219,543.819214,6.657020096789114
2,02,9.3219,582.0002477701149,6.72566764430788
3,03,9.042243,1573.8756347758067,7.8675876419020865
4,04i,3.8687905015971236,1262.0141454161976,7.8675876419020865
5,04,3.8687905015971236,1286.9630645649663,7.889062793204626
6,045i,3.160193774569627,1220.2131631178338,7.889062793204626
7,045,3.160193774569627,1227.5556522770182,7.895564904677864
8,5i,1.01325,915.8513783415069,7.895564904677864
