r,c_U,U,W_U,c_a,alpha,Beta,Beta_2_f,c,h_r,p_r,rho_r
hub,201.6572491923748,175.00000000000006,-26.657249192374735,157.49999999999986,52.00915968729926,-9.606407650283295,101.1064076502833,255.87476653987494,543947.1513832699,461089.9094092276,3.2870587990431175
r_tip/4,161.32579935389984,218.75000000000006,57.42420064610022,157.49999999999986,45.68749654669806,20.031759445990044,71.46824055400995,225.46011518043431,543931.9440575902,176645.00872866207,2.103717631387595
r_mid,134.43816612824986,262.50000000000006,128.0618338717502,157.4999999999999,40.483264564740324,39.11425004613221,52.38574995386779,207.07455302843675,543922.7512765143,80373.57795267979,1.4609150217969409
3r_tip/4,115.23271382421416,306.25000000000006,191.0172861757859,157.5000000000001,36.190556286759154,50.493303321824456,41.006696678175544,195.15334569331185,543916.7906728467,41186.66395421599,1.0733253221365266
tip,100.8286245961874,350.0000000000001,249.1713754038127,157.5000000000001,32.62662975849131,57.703220942072264,33.796779057927736,187.00978995218117,543912.7188949761,23027.29183236385,0.8217646997607779
