r,c_U,U,W_U,c_a,alpha,Beta,Beta_2_f,c,h_r,p_r,rho_r
hub,201.6572491923748,175.00000000000006,-26.657249192374735,157.49999999999986,32.62662975849131,-9.606407650283295,101.1064076502833,187.00978995218117,543912.7188949761,23027.29183236385,0.8217646997607779
r_tip/4,161.32579935389984,218.75000000000006,57.42420064610022,157.49999999999986,32.62662975849131,20.031759445990044,71.46824055400995,187.00978995218117,543912.7188949761,23027.29183236385,0.8217646997607779
r_mid,134.43816612824986,262.50000000000006,128.0618338717502,157.4999999999999,32.62662975849131,39.11425004613221,52.38574995386779,187.00978995218117,543912.7188949761,23027.29183236385,0.8217646997607779
3r_tip/4,115.23271382421416,306.25000000000006,191.0172861757859,157.5000000000001,32.62662975849131,50.493303321824456,41.006696678175544,187.00978995218117,543912.7188949761,23027.29183236385,0.8217646997607779
tip,100.8286245961874,350.0000000000001,249.1713754038127,157.5000000000001,32.62662975849131,57.703220942072264,33.796779057927736,187.00978995218117,543912.7188949761,23027.29183236385,0.8217646997607779
