r,rho_c,t_bar_r,Delta_n_r,Beta_2_f_r,Theta_r,Theta_s
hub,0.2931402741494814,0.605729856457029,8.323160918448007,101.1064076502833,75.50623119713762,62.58075425298024
r_tip/4,0.5476097754556681,0.7571623205712863,7.033611064475877,71.46824055400995,40.75621252848394,48.132144478140496
r_mid,0.685840121844214,0.9085947846855436,3.7306285980890217,52.38574995386779,17.024613984505912,41.8452757619764
3r_tip/4,0.7691886609467695,1.0600272487998008,0.36768320750656935,41.006696678175544,1.4521716246659153,40.05814482080261
tip,0.8232850685373704,1.211459712914058,-2.6645785418038628,33.796779057927736,-9.520647212435534,40.269616484705814
