r,c_U,U,W_U,c_a,alpha,Beta,Beta_3_f,c,h_r,p_r,rho_r
hub,37.12220919237484,175.00000000000006,137.87779080762522,158.49999999999986,13.181622873303468,41.019727990385874,50.480272009614126,161.81566183569004,288380.89583091787,15625.199400722333,3.2870587990431175
r_tip/4,29.697767353899874,218.75000000000006,189.05223264610018,158.49999999999986,10.612327737391901,50.02377919425951,41.47622080574049,160.27541104550727,288380.1257055228,5986.063516471404,2.103717631387595
r_mid,24.74813946158323,262.50000000000006,237.75186053841682,158.4999999999999,8.87448888078102,56.31013941490133,35.18986058509867,159.43249482715228,288379.7042474136,2723.662254221062,1.4609150217969409
3r_tip/4,21.21269096707134,306.25000000000006,285.0373090329287,158.5000000000001,7.622827236279348,60.9229840202621,30.5770159797379,158.92208234875514,288379.4490411744,1395.7144231582024,1.0733253221365266
tip,18.56110459618742,350.0000000000001,331.4388954038127,158.5000000000001,6.679187680099849,64.44204029442564,27.057959705574362,158.58992592163804,288379.28296296083,780.3381058594671,0.8217646997607779
