r,c_U,U,W_U,c_a,alpha,Beta,Beta_3_f,c,h_r,p_r,rho_r
hub,37.12220919237484,0,-37.12220919237484,158.49999999999986,13.181622873303468,-13.181622873303468,104.68162287330347,161.81566183569004,543900.1218309179,15625.199400722333,3.2870587990431175
r_tip/4,29.697767353899874,0,-29.697767353899874,158.49999999999986,10.612327737391901,-10.612327737391901,102.1123277373919,160.27541104550727,543899.3517055227,5986.063516471404,2.103717631387595
r_mid,24.74813946158323,0,-24.74813946158323,158.4999999999999,8.87448888078102,-8.87448888078102,100.37448888078102,159.43249482715228,543898.9302474136,2723.662254221062,1.4609150217969409
3r_tip/4,21.21269096707134,0,-21.21269096707134,158.5000000000001,7.622827236279348,-7.622827236279348,99.12282723627935,158.92208234875514,543898.6750411744,1395.7144231582024,1.0733253221365266
tip,18.56110459618742,0,-18.56110459618742,158.5000000000001,6.679187680099849,-6.679187680099849,98.17918768009984,158.58992592163804,543898.5089629608,780.3381058594671,0.8217646997607779
