,w_c,w_t,w_PT,SHP,m_air,m_fuel,Spec_Thrust,EBSFC,TIT
0,283.9102511111111,275.73103971521124,261.3690630522742,441.6,1.64089,0.04867491959294895,1060.7763300414056,0.3904010084906021,1585.0
