,w_c,w_t,w_PT,SHP,m_air,m_fuel,Spec_Thrust,EBSFC,TIT
0,283.9102511111111,275.73103971521124,261.3690630522742,441.6,1.64089,0.04867491959294895,976.7829366608748,0.3970955424330991,1585.0
