stage,ca,cu,P,alpha,r_prime,u1m,c1a,c1u,w1,w1u,D1,n,D1_t,D1_h
1,157.5,27.771499461583232,1.01325,1.3962634015954636,[0.685840121844214],262.5,157.5,27.771499461583232,236.3656598310301,234.72850053841677,0.09528883933416937,52612.464821963345,0.1270517857788925,0.06352589288944625
2,156.5,25.81449946158323,1.401546579260642,1.431103382862231,[0.696975225026443],,,,,,,,,
3,155.0,22.79113946158323,2.0035530431422934,1.431103382862231,[0.681823991744140],,,,,,,,,
4,153.0,21.513139461583233,2.92519817324057,1.431103382862231,[0.742114048022724],,,,,,,,,
