stage,ca,cu,P,alpha,r_prime
1,74.25,13.092278317603581,1.01325,1.3962634015954636,[0.715999939471445]
2,73.25,11.13527831760358,1.401546579260642,1.47313072271649,[0.721001263783711]
3,71.75,8.11191831760358,2.0035530431422934,1.47313072271649,[0.697805523945448]
4,69.75,6.83391831760358,2.92519817324057,1.47313072271649,[0.766548129773793]
